,k,model,c_npmi_train,c_npmi_test,diversity,path,train_time_in_seconds
0,5.0,ctm_k5_combined,-0.006467856521070074,-0.04286310348738918,0.76,ctm/ctm_k5_combined,1380.258896112442
1,8.0,ctm_k8_combined,0.0005320627958417881,-0.029756681766014925,0.64375,ctm/ctm_k8_combined,1483.4699730873108
2,10.0,ctm_k10_combined,-0.010141951374586478,-0.051179427330757275,0.515,ctm/ctm_k10_combined,1462.8837943077087
3,12.0,ctm_k12_combined,-0.01616025157862527,-0.06305472935231769,0.49166666666666664,ctm/ctm_k12_combined,1635.5565030574799
4,15.0,ctm_k15_combined,-0.01552769559157018,-0.05785526210639942,0.4266666666666667,ctm/ctm_k15_combined,1415.6840357780457
5,18.0,ctm_k18_combined,-0.015548461723807971,-0.06194391689295691,0.37777777777777777,ctm/ctm_k18_combined,1402.1647844314575
6,20.0,ctm_k20_combined,0.0024979539074747787,-0.037332177208607875,0.37,ctm/ctm_k20_combined,1430.3511888980865
7,22.0,ctm_k22_combined,-0.005597455325338164,-0.03975744442916663,0.34545454545454546,ctm/ctm_k22_combined,1482.7709460258484
8,25.0,ctm_k25_combined,-0.007856494929216385,-0.04447478887970347,0.298,ctm/ctm_k25_combined,1416.8539307117462
9,28.0,ctm_k28_combined,-0.0039504032704173065,-0.03811477361963274,0.3107142857142857,ctm/ctm_k28_combined,1588.6068303585052
10,30.0,ctm_k30_combined,-0.004023405533891587,-0.035858912288806714,0.295,ctm/ctm_k30_combined,1463.8425431251526
