,k,model,c_npmi_train,c_npmi_test,diversity,path,train_time_in_seconds
0,5.0,etm_k5,0.003520948486524545,0.0031319829999260076,0.64,etm/etm_k5,2089.6243607997894
1,8.0,etm_k8,0.008220190970146637,0.008465648927510259,0.4625,etm/etm_k8,2157.5992000102997
2,10.0,etm_k10,0.012676355820901467,0.012595404677743855,0.43,etm/etm_k10,2234.0572929382324
3,12.0,etm_k12,0.011358503268148515,0.010934982406626133,0.425,etm/etm_k12,2392.358231306076
4,15.0,etm_k15,0.01429969595230652,0.013509962685372976,0.3933333333333333,etm/etm_k15,2424.5356152057648
5,18.0,etm_k18,0.020454733886253754,0.019091408784590154,0.4027777777777778,etm/etm_k18,2427.1084871292114
6,20.0,etm_k20,0.023635236672845773,0.02215239945453984,0.415,etm/etm_k20,2506.8780159950256
7,22.0,etm_k22,0.022600667110251407,0.021666810217069718,0.3886363636363636,etm/etm_k22,2588.8449835777283
8,25.0,etm_k25,0.023415193172320273,0.021670981230623308,0.368,etm/etm_k25,2566.7205402851105
9,28.0,etm_k28,0.027803540714434888,0.02475139626792242,0.3678571428571429,etm/etm_k28,3033.604722261429
10,30.0,etm_k30,0.02368351747429654,0.020554898123887992,0.3433333333333333,etm/etm_k30,3360.931102991104
