,k,model,c_npmi_train,c_npmi_test,diversity,path,train_time_in_seconds
0,5.0,lda_k5,-0.004344578326747315,-0.0048399211181452025,0.32,lda/lda_k5,57.73407340049744
1,8.0,lda_k8,0.004176631737007269,0.0032212872765278395,0.36875,lda/lda_k8,56.71008229255676
2,10.0,lda_k10,0.010082419423455604,0.009414436017023983,0.36,lda/lda_k10,60.10080289840698
3,12.0,lda_k12,0.010627333786077497,0.008638783798291168,0.35,lda/lda_k12,61.20782661437988
4,15.0,lda_k15,0.020893864301850428,0.016793827052623188,0.4066666666666667,lda/lda_k15,64.14853477478027
5,18.0,lda_k18,0.018170975074115563,0.0033345404277925978,0.4777777777777778,lda/lda_k18,64.22629570960999
6,20.0,lda_k20,0.010876725209267475,-0.011247854126957668,0.4475,lda/lda_k20,64.08455514907837
7,22.0,lda_k22,0.007952708973377859,-0.020709763972626975,0.5272727272727272,lda/lda_k22,65.49034643173218
8,25.0,lda_k25,0.006397460861502787,-0.014923213836939207,0.53,lda/lda_k25,68.41279745101929
9,28.0,lda_k28,-0.019910751653054632,-0.06147310175190376,0.5964285714285714,lda/lda_k28,68.07087588310242
10,30.0,lda_k30,-0.01161113161458131,-0.054233559548494535,0.5766666666666667,lda/lda_k30,72.39513301849365
