,k,model,coherence,c_v,u_mass,c_uci,c_npmi,diversity,model_diversity,perplexity,10_most_used_topics,path,model_path
0,5.0,etm_k5,0.13344833310066279,0.27672956701211787,-1.271373388774423,-0.14531896138437453,-0.01193743703199442,0.9,0.92,1057.0,[2 0 3 4 1],./results/etm_reddit_pt_nouns_K_5_Htheta_800_Optim_adam_Clip_0.0_ThetaAct_relu_Lr_0.005_Bsz_1000_RhoSize_300_trainEmbeddings_0,models_training/models/etm/etm_k5
1,8.0,etm_k8,0.14187983468200968,0.29397776579326634,-1.3777268149810364,-0.16031337986656724,-0.005744821701418328,0.75,0.85,1014.2,[7 3 1 2 0 5 6 4],./results/etm_reddit_pt_nouns_K_8_Htheta_800_Optim_adam_Clip_0.0_ThetaAct_relu_Lr_0.005_Bsz_1000_RhoSize_300_trainEmbeddings_0,models_training/models/etm/etm_k8
2,10.0,etm_k10,0.13272012252209892,0.3105322199471775,-1.459098045339132,-0.33088952396283433,-0.007153884098183194,0.7,0.828,1006.5,[4 7 8 5 0 6 1 9 3 2],./results/etm_reddit_pt_nouns_K_10_Htheta_800_Optim_adam_Clip_0.0_ThetaAct_relu_Lr_0.005_Bsz_1000_RhoSize_300_trainEmbeddings_0,models_training/models/etm/etm_k10
3,12.0,etm_k12,0.1380388052778394,0.3086704470892055,-1.4612089634424386,-0.25305485047195403,-0.005600433788091101,0.6625,0.7833333333333333,999.3,[ 3 10  6  0  1  4 11  2  5  7],./results/etm_reddit_pt_nouns_K_12_Htheta_800_Optim_adam_Clip_0.0_ThetaAct_relu_Lr_0.005_Bsz_1000_RhoSize_300_trainEmbeddings_0,models_training/models/etm/etm_k12
