,k,model,c_npmi_train,c_npmi_test,diversity,path,train_time_in_seconds
0,5.0,ctm_k5_combined,-0.16939674341065486,-0.23227714526617524,0.58,ctm/ctm_k5_combined,84.04838490486145
1,8.0,ctm_k8_combined,-0.15494172005781875,-0.2440963164406253,0.55,ctm/ctm_k8_combined,73.42069911956787
2,10.0,ctm_k10_combined,-0.14146207354894058,-0.20609967854845973,0.48,ctm/ctm_k10_combined,74.5789246559143
3,12.0,ctm_k12_combined,-0.15864780540328607,-0.227934921852466,0.4791666666666667,ctm/ctm_k12_combined,75.52626490592957
4,15.0,ctm_k15_combined,-0.13971797091859053,-0.2188200304985778,0.4166666666666667,ctm/ctm_k15_combined,75.38832187652588
5,18.0,ctm_k18_combined,-0.1324958419980108,-0.22553685323660755,0.4527777777777778,ctm/ctm_k18_combined,76.02726602554321
6,20.0,ctm_k20_combined,-0.10479088887948718,-0.18845578168130472,0.4025,ctm/ctm_k20_combined,75.46419024467468
7,22.0,ctm_k22_combined,-0.11515028684773525,-0.22178649136130532,0.425,ctm/ctm_k22_combined,76.52413773536682
8,25.0,ctm_k25_combined,-0.10702345510295772,-0.21198320998650677,0.374,ctm/ctm_k25_combined,75.8763496875763
9,28.0,ctm_k28_combined,-0.10089292466517742,-0.20386818113246133,0.3732142857142857,ctm/ctm_k28_combined,76.10078263282776
10,30.0,ctm_k30_combined,-0.11014957479117903,-0.23399784754578246,0.37333333333333335,ctm/ctm_k30_combined,72.97544288635254
