,k,model,c_npmi_train,c_npmi_test,diversity,path,train_time_in_seconds
0,5.0,etm_k5,-0.009966686551005188,-0.02595507466011347,0.64,etm/etm_k5,66.12143898010254
1,8.0,etm_k8,-0.0002957285419063092,-0.03510031664187473,0.675,etm/etm_k8,66.5687952041626
2,10.0,etm_k10,0.0005628075072162192,-0.03916031449481139,0.595,etm/etm_k10,66.16684627532959
3,12.0,etm_k12,-0.0007512737614750564,-0.04364714886264312,0.575,etm/etm_k12,67.162926197052
4,15.0,etm_k15,-0.0016644081145362074,-0.05531651469791407,0.5166666666666667,etm/etm_k15,66.92285943031311
5,18.0,etm_k18,-0.006620288796415575,-0.0770656138106766,0.5055555555555555,etm/etm_k18,67.15752172470093
6,20.0,etm_k20,-0.0059073625808443875,-0.076073008078083,0.51,etm/etm_k20,67.65787196159363
7,22.0,etm_k22,-0.010274530315590785,-0.08136392178916073,0.43863636363636366,etm/etm_k22,67.47604370117188
8,25.0,etm_k25,-0.010133483168518722,-0.0909108400222311,0.438,etm/etm_k25,67.00114321708679
9,28.0,etm_k28,-0.016338942201025296,-0.107755014885063,0.39107142857142857,etm/etm_k28,67.45605778694153
10,30.0,etm_k30,-0.012969951118327331,-0.10045201369595042,0.38166666666666665,etm/etm_k30,67.61213207244873
