,k,model,c_npmi_train,c_npmi_test,diversity,path,train_time_in_seconds
0,5.0,lda_k5,-0.0005162925104285337,-0.006472894913327354,0.35,lda/lda_k5,6.027191877365112
1,8.0,lda_k8,-0.004790868434534455,-0.01745883284826453,0.3375,lda/lda_k8,5.429506301879883
2,10.0,lda_k10,-0.007965632490574642,-0.04782385698159299,0.43,lda/lda_k10,5.168725490570068
3,12.0,lda_k12,-0.012603785598074518,-0.05955995542945447,0.44166666666666665,lda/lda_k12,5.302515745162964
4,15.0,lda_k15,-0.024289720770624634,-0.07396869276203427,0.4533333333333333,lda/lda_k15,5.485521554946899
5,18.0,lda_k18,-0.037160524924663145,-0.10046797965194515,0.4222222222222222,lda/lda_k18,5.485817909240723
6,20.0,lda_k20,-0.04616922442826283,-0.11828756054420675,0.49,lda/lda_k20,5.551424741744995
7,22.0,lda_k22,-0.04229881301582776,-0.1141859761033972,0.45454545454545453,lda/lda_k22,5.529126167297363
8,25.0,lda_k25,-0.04298900603785356,-0.12156006650961797,0.448,lda/lda_k25,5.552728176116943
9,28.0,lda_k28,-0.0625197817100903,-0.1427667394496132,0.44821428571428573,lda/lda_k28,5.696007966995239
10,30.0,lda_k30,-0.06689441175307793,-0.13911236384341114,0.43,lda/lda_k30,5.735836029052734
